customer,address,phone ,comment,balance
"Lorem, ipsum","Lorem, ipsum","Lorem, ipsum","Lorem, ipsum","Lorem, ipsum"
"Lorem, ipsum","Lorem, ipsum","Lorem, ipsum","Lorem, ipsum","Lorem, ipsum"
"Lorem, ipsum","Lorem, ipsum","Lorem, ipsum","Lorem, ipsum","Lorem, ipsum"
"Lorem, ipsum","Lorem, ipsum","Lorem, ipsum","Lorem, ipsum","Lorem, ipsum"
"Lorem, ipsum","Lorem, ipsum","Lorem, ipsum","Lorem, ipsum","Lorem, ipsum"
"Lorem, ipsum","Lorem, ipsum","Lorem, ipsum","Lorem, ipsum","Lorem, ipsum"
"Lorem, ipsum","Lorem, ipsum","Lorem, ipsum","Lorem, ipsum","Lorem, ipsum"
"Lorem, ipsum","Lorem, ipsum","Lorem, ipsum","Lorem, ipsum","Lorem, ipsum"
"Lorem, ipsum","Lorem, ipsum","Lorem, ipsum","Lorem, ipsum","Lorem, ipsum"
"Lorem, ipsum","Lorem, ipsum","Lorem, ipsum","Lorem, ipsum","Lorem, ipsum"
"Lorem, ipsum","Lorem, ipsum","Lorem, ipsum","Lorem, ipsum","Lorem, ipsum"
